MDX File,Image Path,Exists,Is Placeholder,Is SVG,Status
"12-month-neet-dropper-study-plan-complete-guide.mdx","/blog/12-month-dropper-plan.svg",false,false,false,"MISSING"
"5-month-neet-2026-study-plan-january-may.mdx","/blog/5-month-neet-study-plan.svg",false,false,false,"MISSING"
"affordable-mbbs-maharashtra-under-50-lakhs.mdx","/blog/affordable-mbbs-maharashtra.svg",true,false,true,"OK"
"affordable-mbbs-under-50-lakhs-india-2026.mdx","/blog/affordable-mbbs-under-50-lakhs.svg",true,false,true,"OK"
"aiims-new-delhi-complete-guide-campus-life.mdx","/blog/aiims-delhi-campus-guide.svg",false,false,false,"MISSING"
"all-aiims-india-complete-guide-2026.mdx","/blog/all-aiims-india-guide.svg",false,false,false,"MISSING"
"allen-vs-aakash-vs-pw-comparison-2026.mdx","/blog/allen-aakash-pw-comparison.svg",false,false,false,"MISSING"
"best-ai-tools-apps-neet-preparation-2026.mdx","/blog/ai-tools-neet-prep.svg",false,false,false,"MISSING"
"best-books-for-neet-2026-biology-physics-chemistry.mdx","/blog/best-books-neet.svg",true,false,true,"OK"
"best-neet-coaching-delhi-ncr-2026-comparison.mdx","/blog/best-neet-coaching-delhi.jpg",false,false,false,"MISSING"
"best-neet-coaching-delhi-ncr-comparison.mdx","/blog/neet-coaching-delhi.svg",true,false,true,"OK"
"best-private-medical-colleges-maharashtra-2026.mdx","/blog/private-medical-colleges-maharashtra.svg",true,false,true,"OK"
"best-private-medical-colleges-up-low-fees-2026.mdx","/blog/private-medical-colleges-up-low-fees.svg",true,false,true,"OK"
"biology-diagram-practice-neet.mdx","/blog/neet-biology-guide.jpg",false,false,false,"MISSING"
"biology-mnemonics-neet-preparation.mdx","/blog/biology-mnemonics.jpg",false,false,false,"MISSING"
"biomolecules-neet-biology-complete-guide.mdx","/blog/biomolecules.svg",true,false,true,"OK"
"body-fluids-circulation-neet.mdx","/blog/circulation.svg",true,false,true,"OK"
"breathing-gas-exchange-neet-notes.mdx","/blog/respiration.svg",true,false,true,"OK"
"career-options-after-12th-pcb-complete-guide.mdx","/blog/career-options-pcb.svg",true,false,true,"OK"
"cbse-biology-board-exam-preparation-2026.mdx","/blog/cbse-biology-board.svg",false,false,false,"MISSING"
"cell-division-mitosis-meiosis-neet.mdx","/blog/cell-division.svg",true,false,true,"OK"
"cell-structure-function-neet-notes.mdx","/blog/cell-biology.svg",true,false,true,"OK"
"class-11-biology-neet-complete-foundation.mdx","/blog/placeholder.webp",false,true,false,"PLACEHOLDER"
"class-11-biology-neet-foundation-guide.mdx","/blog/neet-biology-guide.jpg",false,false,false,"MISSING"
"class-11-biology-neet-foundation-strategy.mdx","/blog/class-11-foundation.svg",false,false,false,"MISSING"
"class-12-biology-board-neet-dual-preparation.mdx","/blog/class-12-board-neet.svg",false,false,false,"MISSING"
"common-mistakes-neet-aspirants-avoid-2026.mdx","/blog/common-mistakes.svg",true,false,true,"OK"
"cracking-the-code-of-neet-exam-success.mdx","/blog/cracking-neet-code.svg",false,false,false,"MISSING"
"delhi-ncr-medical-colleges-review-sharda-santosh-sgt-hamdard-2026.mdx","/blog/delhi-ncr-medical-colleges-review.svg",true,false,true,"OK"
"do-or-die-chapters-neet-2026-biology.mdx","/blog/do-or-die-chapters.svg",true,false,true,"OK"
"dps-students-neet-preparation-guide.mdx","/blog/dps-neet-guide.svg",true,false,true,"OK"
"dropper-batch-vs-regular-batch-comparison.mdx","/blog/dropper-vs-regular-batch.svg",false,false,false,"MISSING"
"dropper-case-studies-480-to-650-score-improvement.mdx","/blog/dropper-case-studies.svg",false,false,false,"MISSING"
"dropper-mental-health-guide-handling-pressure-motivation.mdx","/blog/dropper-mental-health.svg",false,false,false,"MISSING"
"dy-patil-medical-college-pune-mumbai-kolhapur-comparison.mdx","/blog/dy-patil-medical-college-comparison.svg",true,false,true,"OK"
"excretory-system-neet-notes.mdx","/blog/excretion.svg",true,false,true,"OK"
"future-of-neet-coaching-india-2026-expert-analysis.mdx","/blog/future-neet-coaching.jpg",false,false,false,"MISSING"
"genetics-for-neet-mendel-to-molecular-biology.mdx","/blog/genetics-mendel-molecular.svg",false,false,false,"MISSING"
"genetics-heredity-variation-neet.mdx","/blog/genetics.svg",true,false,true,"OK"
"how-to-avoid-silly-mistakes-neet-exam.mdx","/blog/avoid-silly-mistakes-neet.svg",false,false,false,"MISSING"
"how-to-crack-neet-in-6-months.mdx","/blog/neet-6-months-strategy.svg",true,false,true,"OK"
"how-to-improve-neet-score-400-to-600-strategy.mdx","/blog/neet-score-improvement.svg",false,false,false,"MISSING"
"how-to-score-320-plus-neet-biology.mdx","/blog/score-320-neet-biology.svg",false,false,false,"MISSING"
"how-to-score-340-plus-in-neet-biology-expert-strategy.mdx","/blog/score-340-biology.jpg",false,false,false,"MISSING"
"how-to-score-360-in-neet-biology.mdx","/blog/neet-360-strategy.svg",false,false,false,"MISSING"
"how-to-score-600-plus-in-neet-2026.mdx","/blog/neet-600-plus-strategy.svg",false,false,false,"MISSING"
"how-to-score-700-plus-in-neet.mdx","/blog/neet-700-plus-strategy.svg",true,false,true,"OK"
"how-to-stay-motivated-during-neet-preparation.mdx","/blog/stay-motivated-neet.svg",false,false,false,"MISSING"
"human-digestion-absorption-neet.mdx","/blog/digestion.svg",true,false,true,"OK"
"human-physiology-neet-complete-guide-50-marks.mdx","/blog/human-physiology-neet-guide.svg",false,false,false,"MISSING"
"human-physiology-neet-complete-notes.mdx","/blog/human-physiology-notes.svg",true,false,true,"OK"
"human-reproduction-neet-notes-complete-guide.mdx","/blog/human-reproduction-neet.svg",false,false,false,"MISSING"
"kota-vs-online-neet-coaching-2026.mdx","/blog/kota-vs-online.svg",true,false,true,"OK"
"last-6-months-neet-2026-preparation-strategy.mdx","/blog/6-months-strategy.svg",true,false,true,"OK"
"maharashtra-mbbs-counselling-dmer-guide-2026.mdx","/blog/maharashtra-mbbs-counselling-dmer.svg",true,false,true,"OK"
"management-nri-quota-mbbs-admission-guide-2026.mdx","/blog/management-nri-quota-mbbs.svg",true,false,true,"OK"
"medical-colleges-pune-complete-guide-2026.mdx","/blog/medical-colleges-pune-guide.svg",true,false,true,"OK"
"mistakes-to-avoid-during-neet-preparation.mdx","/blog/mistakes-avoid-neet-preparation.svg",false,false,false,"MISSING"
"mock-test-strategy-neet-2026-complete-guide.mdx","/blog/mock-test-strategy.svg",true,false,true,"OK"
"most-important-topics-neet-physics-chemistry-biology.mdx","/blog/important-topics-neet.svg",false,false,false,"MISSING"
"navi-mumbai-medical-colleges-comparison-2026.mdx","/blog/navi-mumbai-medical-colleges.svg",true,false,true,"OK"
"ncert-line-by-line-biology-neet-guide.mdx","/blog/neet-biology-guide.jpg",false,false,false,"MISSING"
"ncert-reading-strategy-neet-biology-2026.mdx","/blog/ncert-strategy.svg",true,false,true,"OK"
"neet-100-day-strategy-complete-guide-2026.mdx","/blog/neet-100-day-strategy.svg",false,false,false,"MISSING"
"neet-2026-biology-paper-analysis.mdx","/blog/neet-2026-analysis.svg",false,false,false,"MISSING"
"neet-2026-biology-syllabus-complete-guide.mdx","/blog/neet-2026-syllabus.svg",false,false,false,"MISSING"
"neet-2026-complete-guide-exam-pattern-syllabus-dates.mdx","/blog/neet-2026-guide.svg",true,false,true,"OK"
"neet-2026-complete-preparation-guide-ai-optimized.mdx","/blog/neet-2026-preparation-guide.svg",false,false,false,"MISSING"
"neet-2026-difficulty-level-cutoff-prediction-analysis.mdx","/blog/neet-difficulty-prediction.svg",false,false,false,"MISSING"
"neet-2026-exam-pattern-changes-explained.mdx","/blog/neet-2026-pattern-changes.svg",false,false,false,"MISSING"
"neet-2026-exam-pattern-changes.mdx","/blog/neet-2026-exam-pattern.jpg",false,false,false,"MISSING"
"neet-2026-expected-questions-predictions.mdx","/blog/neet-expected-questions-2026.svg",false,false,false,"MISSING"
"neet-2026-month-by-month-roadmap-complete.mdx","/blog/placeholder.webp",false,true,false,"PLACEHOLDER"
"neet-2026-preparation-timeline-class-12.mdx","/blog/neet-2026-timeline.jpg",false,false,false,"MISSING"
"neet-2026-registration-guide-step-by-step.mdx","/blog/neet-2026-registration-guide.svg",true,false,true,"OK"
"neet-2026-result-analysis-cutoff-trends.mdx","/blog/neet-2026-result-analysis.svg",false,false,false,"MISSING"
"neet-2026-syllabus-complete-guide-deleted-topics.mdx","/blog/neet-syllabus-2026.svg",true,false,true,"OK"
"neet-4-month-study-plan-2026.mdx","/blog/neet-4-month-plan.svg",false,false,false,"MISSING"
"neet-400-500-marks-medical-colleges-maharashtra.mdx","/blog/neet-400-500-colleges-maharashtra.svg",true,false,true,"OK"
"neet-animal-kingdom-weightage-chapter-wise-analysis.mdx","/blog/biology-weightage.svg",true,false,true,"OK"
"neet-application-form-2026.mdx","/blog/neet-application-form-2026.svg",true,false,true,"OK"
"neet-biology-30-day-revision-plan.mdx","/blog/neet-30-day-revision.svg",false,false,false,"MISSING"
"neet-biology-assertion-reason-diagram-questions-guide.mdx","/blog/assertion-reason-guide.svg",false,false,false,"MISSING"
"neet-biology-assertion-reason-questions-guide.mdx","/blog/neet-biology-guide.jpg",false,false,false,"MISSING"
"neet-biology-chapter-wise-weightage-2026-advanced.mdx","/blog/neet-chapter-weightage.jpg",false,false,false,"MISSING"
"neet-biology-chapter-wise-weightage-2026.mdx","/blog/biology-weightage.svg",true,false,true,"OK"
"neet-biology-coaching-delhi-ncr-guide.mdx","/blog/neet-coaching-delhi.svg",true,false,true,"OK"
"neet-biology-complete-chapter-wise-resource-hub.mdx","/blog/neet-biology-chapters.svg",false,false,false,"MISSING"
"neet-biology-diagrams-practice-guide.mdx","/blog/neet-biology-diagrams.jpg",false,false,false,"MISSING"
"neet-biology-human-physiology-complete-guide.mdx","/blog/human-physiology-neet.jpg",false,false,false,"MISSING"
"neet-biology-mcq-practice-guide-1000-questions.mdx","/blog/placeholder.webp",false,true,false,"PLACEHOLDER"
"neet-biology-most-repeated-questions-analysis-2026.mdx","/blog/neet-biology-repeated-questions.svg",false,false,false,"MISSING"
"neet-biology-notes-pdf-free-download-2026.mdx","/blog/neet-biology-notes-pdf.svg",false,false,false,"MISSING"
"neet-biology-olympiad-preparation-guide.mdx","/blog/biology-olympiad.svg",false,false,false,"MISSING"
"neet-biology-preparation-strategy-score-340-plus.mdx","/blog/neet-biology-strategy.svg",true,false,true,"OK"
"neet-biology-previous-year-questions-analysis.mdx","/blog/neet-pyq-analysis.jpg",false,false,false,"MISSING"
"neet-biology-pyq-analysis-2015-2025.mdx","/blog/neet-biology-guide.jpg",false,false,false,"MISSING"
"neet-biology-pyq-chapter-wise-pdf-download.mdx","/blog/neet-pyq-biology.svg",true,false,true,"OK"
"neet-biology-syllabus-2026-complete-guide.mdx","/blog/neet-syllabus.svg",true,false,true,"OK"
"neet-biology-topper-handwritten-notes-2026.mdx","/blog/neet-topper-notes.svg",false,false,false,"MISSING"
"neet-biotechnology-weightage-chapter-wise-analysis.mdx","/blog/biology-weightage.svg",true,false,true,"OK"
"neet-cell-biology-weightage-chapter-wise-analysis.mdx","/blog/biology-weightage.svg",true,false,true,"OK"
"neet-coaching-delhi-vs-kota-2026.mdx","/blog/delhi-vs-kota.jpg",false,false,false,"MISSING"
"neet-cutoff-2026-category-wise.mdx","/blog/neet-cutoff-2026.svg",true,false,true,"OK"
"neet-drop-year-strategy-2026.mdx","/blog/neet-drop-year-strategy.svg",false,false,false,"MISSING"
"neet-dropper-batch-2026-online-coaching-guide.mdx","/blog/neet-dropper-batch-2026.svg",false,false,false,"MISSING"
"neet-dropper-daily-routine-timetable-2026.mdx","/blog/neet-dropper-routine.svg",false,false,false,"MISSING"
"neet-dropper-year-complete-guide-2026.mdx","/blog/neet-dropper-guide.svg",false,false,false,"MISSING"
"neet-ecology-weightage-chapter-wise-analysis.mdx","/blog/biology-weightage.svg",true,false,true,"OK"
"neet-eligibility-criteria-2026.mdx","/blog/neet-eligibility-2026.svg",true,false,true,"OK"
"neet-evolution-weightage-chapter-wise-analysis.mdx","/blog/biology-weightage.svg",true,false,true,"OK"
"neet-exam-centres-state-wise-2026.mdx","/blog/neet-exam-centres-2026.svg",true,false,true,"OK"
"neet-exam-day-tips-last-minute-guide-2026.mdx","/blog/neet-exam-day-tips.svg",false,false,false,"MISSING"
"neet-genetics-weightage-chapter-wise-analysis.mdx","/blog/biology-weightage.svg",true,false,true,"OK"
"neet-human-physiology-weightage-chapter-wise-analysis.mdx","/blog/biology-weightage.svg",true,false,true,"OK"
"neet-negative-marking-strategy-when-to-guess-skip.mdx","/blog/neet-negative-marking.svg",false,false,false,"MISSING"
"neet-plant-morphology-anatomy-weightage-analysis.mdx","/blog/biology-weightage.svg",true,false,true,"OK"
"neet-plant-physiology-weightage-chapter-wise-analysis.mdx","/blog/biology-weightage.svg",true,false,true,"OK"
"neet-preparation-roadmap-class-9-10-students.mdx","/blog/neet-roadmap-class-9-10.svg",false,false,false,"MISSING"
"neet-preparation-tips-for-delhi-ncr-students.mdx","/blog/delhi-ncr-neet-prep.jpg",false,false,false,"MISSING"
"neet-reproduction-weightage-chapter-wise-analysis.mdx","/blog/biology-weightage.svg",true,false,true,"OK"
"neet-score-450-550-colleges-guide-2026.mdx","/blog/neet-score-450-550-colleges.svg",true,false,true,"OK"
"neet-vs-jee-which-is-tougher.mdx","/blog/neet-vs-jee-comparison.svg",true,false,true,"OK"
"nervous-system-neet-biology.mdx","/blog/nervous-system.svg",true,false,true,"OK"
"nri-quota-mbbs-maharashtra-complete-guide-2026.mdx","/blog/nri-quota-mbbs-maharashtra.svg",true,false,true,"OK"
"online-career-counselling-neet-aspirants-guide.mdx","/blog/career-counselling-neet.svg",false,false,false,"MISSING"
"online-vs-offline-neet-coaching-2026.mdx","/blog/online-vs-offline-coaching.jpg",false,false,false,"MISSING"
"parents-guide-choosing-neet-coaching-delhi.mdx","/blog/parents-guide-neet-coaching.jpg",false,false,false,"MISSING"
"parents-guide-supporting-neet-aspirant-2026.mdx","/blog/parents-guide-neet.svg",false,false,false,"MISSING"
"photosynthesis-complete-neet-guide.mdx","/blog/photosynthesis-neet-guide.svg",false,false,false,"MISSING"
"photosynthesis-neet-biology-notes.mdx","/blog/photosynthesis.svg",true,false,true,"OK"
"photosynthesis-vs-respiration-neet-comparison.mdx","/blog/photosynthesis-respiration.svg",true,false,true,"OK"
"plant-kingdom-classification-neet.mdx","/blog/plant-kingdom.svg",true,false,true,"OK"
"revision-strategy-neet-2026-complete-guide.mdx","/blog/neet-revision-strategy.svg",false,false,false,"MISSING"
"roadmap-for-aiims-mbbs-seat-complete-guide.mdx","/blog/aiims-mbbs-roadmap.svg",false,false,false,"MISSING"
"self-study-vs-coaching-neet-2026.mdx","/blog/self-study-vs-coaching.svg",false,false,false,"MISSING"
"small-batch-coaching-vs-large-batch-neet.mdx","/blog/small-batch-coaching.svg",false,false,false,"MISSING"
"small-batch-neet-coaching-research-outcomes-2026.mdx","/blog/research-small-batch.jpg",false,false,false,"MISSING"
"state-wise-medical-colleges-north-india-2026.mdx","/blog/state-wise-medical-colleges-north-india.svg",true,false,true,"OK"
"struggling-with-neet-preparation-mental-stress-guide.mdx","/blog/neet-mental-stress-guide.svg",false,false,false,"MISSING"
"student-case-study-class-11-early-start-neet-success.mdx","/blog/placeholder.webp",false,true,false,"PLACEHOLDER"
"student-case-study-dropper-480-to-650-neet.mdx","/blog/placeholder.webp",false,true,false,"PLACEHOLDER"
"student-case-study-online-offline-hybrid-neet.mdx","/blog/placeholder.webp",false,true,false,"PLACEHOLDER"
"time-management-neet-preparation-exam-day.mdx","/blog/neet-time-management.svg",false,false,false,"MISSING"
"top-10-neet-biology-coaching-delhi-ncr-2026.mdx","/blog/top-coaching-delhi.svg",true,false,true,"OK"
"top-private-medical-colleges-india-fees-cutoff-rankings.mdx","/blog/private-medical-colleges-india.svg",true,false,true,"OK"
"ultimate-neet-2026-guide-specialized-vs-mass-coaching.mdx","https://images.unsplash.com/photo-1659353886114-9aa119aef5aa?w=1200&h=630&fit=crop&auto=format",false,false,false,"MISSING"
"ultimate-neet-biology-guide-2026.mdx","/blog/ultimate-neet-biology-guide.svg",false,false,false,"MISSING"
"usabo-ibo-complete-parent-guide-grade-wise-preparation.mdx","/blog/usabo-ibo-guide.svg",false,false,false,"MISSING"
"what-neet-toppers-do-differently-secrets-revealed.mdx","/blog/topper-secrets.svg",true,false,true,"OK"
"when-to-start-neet-preparation-class-9-vs-10.mdx","/blog/when-to-start-neet.svg",true,false,true,"OK"
