File,Title Length,Title Status,Description Length,Desc Status,Current Title,Current Description,Suggested Title Fix,Suggested Description Fix
"12-month-neet-dropper-study-plan-complete-guide.mdx",54,TOO SHORT,156,OK,"12-Month NEET Dropper Study Plan 2026 | Complete Guide","Detailed 12-month study plan for NEET droppers. Month-wise targets; daily schedule; subject distribution; and mock test strategy for guaranteed improvement.","Add 1 chars - expand with year/details",""
"5-month-neet-2026-study-plan-january-may.mdx",62,TOO LONG,140,TOO SHORT,"5-Month NEET 2026 Study Plan (Jan-May) | Score 340+ in Biology","Complete 5-month NEET 2026 study plan (Jan-May). Daily schedules; mock test strategy; revision cycles. Used by 247 AIIMS selections in 2024.","Remove 2 chars - shorten descriptions/remove pipes","Add 15 chars - add details/examples/year"
"affordable-mbbs-maharashtra-under-50-lakhs.mdx",57,OK,170,TOO LONG,"Affordable MBBS Maharashtra 2026: Under Rs 50 Lakhs Total","Complete guide to affordable medical colleges in Maharashtra under Rs 50 Lakhs total cost. Terna (Rs 37.5L); SMBT (Rs 40L) & 15+ NMC approved options with honest reviews.","","Remove 10 chars - condense/remove redundancy"
"affordable-mbbs-under-50-lakhs-india-2026.mdx",54,TOO SHORT,172,TOO LONG,"Affordable MBBS Under ₹50 Lakhs 2026 | Budget Colleges","Complete list of affordable private MBBS colleges under ₹50 Lakhs total cost. NMC approved; fee breakdown; hidden costs; loan options for budget-friendly medical education.","Add 1 chars - expand with year/details","Remove 12 chars - condense/remove redundancy"
"aiims-new-delhi-complete-guide-campus-life.mdx",56,OK,149,TOO SHORT,"AIIMS Delhi Complete Guide 2026 | Campus; Career & USMLE","Complete guide to AIIMS New Delhi - campus life; hostel facilities; USMLE trends; career prospects; alumni success & life after graduating from India","","Add 6 chars - add details/examples/year"
"all-aiims-india-complete-guide-2026.mdx",67,TOO LONG,147,TOO SHORT,"All AIIMS in India 2026 - Complete Guide | Seats; Cutoffs; Rankings","Complete guide to all 25 AIIMS institutes in India for 2026. MBBS seats; NEET cutoffs; fees; NIRF rankings; facilities; pros & cons for each AIIMS.","Remove 7 chars - shorten descriptions/remove pipes","Add 8 chars - add details/examples/year"
"allen-vs-aakash-vs-pw-comparison-2026.mdx",65,TOO LONG,161,TOO LONG,"Allen vs Aakash vs PW 2026 - Why Mass Coaching Fails NEET Biology","Allen; Aakash; Physics Wallah comparison 2026. Why factory-model coaching fails Biology students. Cerebrum offers AIIMS faculty; 30-student batches; 98% success.","Remove 5 chars - shorten descriptions/remove pipes","Remove 1 chars - condense/remove redundancy"
"best-ai-tools-apps-neet-preparation-2026.mdx",72,TOO LONG,154,TOO SHORT,"Best AI Tools & Apps for NEET 2026 Preparation: Complete Digital Toolkit","Discover the best AI tools and apps for NEET 2026 preparation. From doubt-solving AI to spaced repetition apps — build the ultimate digital study toolkit.","Remove 12 chars - shorten descriptions/remove pipes","Add 1 chars - add details/examples/year"
"best-books-for-neet-2026-biology-physics-chemistry.mdx",68,TOO LONG,143,TOO SHORT,"Best Books for NEET 2026: Complete Subject-wise Book List by Toppers","Discover the best books for NEET 2026 preparation. Expert-recommended Biology; Physics; and Chemistry books used by NEET toppers to score 650+.","Remove 8 chars - shorten descriptions/remove pipes","Add 12 chars - add details/examples/year"
"best-neet-coaching-delhi-ncr-2026-comparison.mdx",59,OK,164,TOO LONG,"Best NEET Coaching in Delhi NCR 2026 — Top Centers Compared","Find the best NEET coaching in Delhi NCR. Compare top centers; faculty quality; batch sizes; results; fees; and make an informed decision for your NEET preparation.","","Remove 4 chars - condense/remove redundancy"
"best-neet-coaching-delhi-ncr-comparison.mdx",50,TOO SHORT,154,TOO SHORT,"Best NEET Coaching Delhi NCR 2026 | Fees & Results","Find the best NEET coaching in Delhi; Noida; Gurugram; Faridabad. Compare fees; batch size; faculty; and results of top coaching institutes for NEET 2026.","Add 5 chars - expand with year/details","Add 1 chars - add details/examples/year"
"best-private-medical-colleges-maharashtra-2026.mdx",58,OK,145,TOO SHORT,"Private Medical Colleges Maharashtra 2026 | Fees & Cutoffs","Complete guide to top private MBBS colleges in Maharashtra with NEET 2025 cutoffs; fees (Rs 7-35L/year); DMER counselling; and admission process.","","Add 10 chars - add details/examples/year"
"biology-diagram-practice-neet.mdx",60,OK,194,TOO LONG,"50 Must-Know Biology Diagrams for NEET 2026 | Complete Guide","Master the 50 most important biology diagrams for NEET 2026. Learn diagram identification; drawing techniques; labeling strategies & test-taking patterns used by top scorers to gain 75-90 marks.","","Remove 34 chars - condense/remove redundancy"
"biology-mnemonics-neet-preparation.mdx",52,TOO SHORT,176,TOO LONG,"Biology Mnemonics for NEET 2026 - 100+ Memory Tricks","Master 100+ proven biology mnemonics for NEET 2026. Learn creative memory tricks for taxonomy; physiology; genetics & ecology. Increase retention by 60% with tested strategies.","Add 3 chars - expand with year/details","Remove 16 chars - condense/remove redundancy"
"biomolecules-neet-biology-complete-guide.mdx",53,TOO SHORT,171,TOO LONG,"Biomolecules NEET 2026 Notes | Complete Chapter Guide","Complete NEET Biology notes on Biomolecules. Master carbohydrates; proteins; lipids; nucleic acids and enzymes with structures; functions; diagrams and PYQs for NEET 2026.","Add 2 chars - expand with year/details","Remove 11 chars - condense/remove redundancy"
"biotechnology-neet-simplified-complete-guide.mdx",72,TOO LONG,187,TOO LONG,"Biotechnology NEET Guide: Simplified PCR; Cloning; Bt Cotton | 16+ Marks","Complete Biotechnology guide for NEET 2026 simplified: Recombinant DNA technology; PCR steps; restriction enzymes; vectors; Bt cotton; insulin production; gene therapy. Score 16-24 marks.","Remove 12 chars - shorten descriptions/remove pipes","Remove 27 chars - condense/remove redundancy"
"body-fluids-circulation-neet.mdx",55,OK,171,TOO LONG,"Body Fluids & Circulation NEET 2026 | Heart; Blood; ECG","Complete NEET Biology notes on Body Fluids and Circulation. Learn blood composition; heart anatomy; cardiac cycle; ECG interpretation with diagrams and PYQs for NEET 2026.","","Remove 11 chars - condense/remove redundancy"
"breathing-gas-exchange-neet-notes.mdx",51,TOO SHORT,166,TOO LONG,"Breathing & Gas Exchange NEET 2026 | Complete Guide","Complete NEET Biology notes on Breathing and Exchange of Gases. Learn respiratory system; gas transport; oxygen-hemoglobin curve with diagrams and PYQs for NEET 2026.","Add 4 chars - expand with year/details","Remove 6 chars - condense/remove redundancy"
"career-options-after-12th-pcb-complete-guide.mdx",56,OK,175,TOO LONG,"Career Options After 12th PCB 2026 | Entrance Exam Guide","50+ career options for PCB students beyond MBBS. Complete entrance exam guide with exam dates; syllabus; cutoffs for NEET; CUET; ICAR AIEEA; IIT JAM; BITSAT and more for 2026.","","Remove 15 chars - condense/remove redundancy"
"cbse-biology-board-exam-preparation-2026.mdx",91,TOO LONG,207,TOO LONG,"CBSE Biology Board Exam 2026 — Chapter-Wise Weightage; Tips to Score 95+ | Cerebrum Academy","Complete CBSE Class 12 Biology board exam 2026 preparation guide. Chapter-wise marks distribution; diagram practice tips; NCERT mastery strategy; and how to score 95+ while preparing for NEET simultaneously.","Remove 31 chars - shorten descriptions/remove pipes","Remove 47 chars - condense/remove redundancy"
"cell-division-mitosis-meiosis-neet.mdx",75,TOO LONG,144,TOO SHORT,"Cell Division NEET Notes 2026 | Mitosis; Meiosis; Cell Cycle Complete Guide","Comprehensive NEET Biology notes on Cell Division. Learn cell cycle phases; mitosis stages; meiosis I & II with diagrams; differences; and PYQs.","Remove 15 chars - shorten descriptions/remove pipes","Add 11 chars - add details/examples/year"
"cell-structure-function-neet-notes.mdx",73,TOO LONG,151,TOO SHORT,"Cell Structure and Function NEET Notes 2026 | Complete Cell Biology Guide","Comprehensive NEET Biology notes on Cell Structure and Function. Learn cell theory; organelles; prokaryotic vs eukaryotic cells with diagrams and PYQs.","Remove 13 chars - shorten descriptions/remove pipes","Add 4 chars - add details/examples/year"
"class-11-biology-neet-complete-foundation.mdx",0,,0,,"MISSING","MISSING","",""
"class-11-biology-neet-foundation-guide.mdx",36,TOO SHORT,157,OK,"Class 11 Biology Foundation for NEET","Complete guide to mastering Class 11 Biology for NEET with chapter breakdown; study strategy; and connection to Class 12 topics. Build your foundation early.","Add 19 chars - expand with year/details",""
"class-11-biology-neet-foundation-strategy.mdx",67,TOO LONG,156,OK,"Class 11 Biology for NEET: Foundation Strategy & Chapter Guide 2026","Complete Class 11 Biology guide for NEET preparation. Learn chapter breakdown; study plan; time allocation; and master the foundation for NEET 2026 success.","Remove 7 chars - shorten descriptions/remove pipes",""
"class-12-biology-board-neet-dual-preparation.mdx",61,TOO LONG,160,OK,"Class 12 Biology: Board + NEET Dual Preparation Strategy 2026","Master Class 12 Biology for both board exams and NEET. Learn chapter overlap; prioritization strategy; daily schedule; and insider tips from 95%+ board scorers.","Remove 1 chars - shorten descriptions/remove pipes",""
"common-mistakes-neet-aspirants-avoid-2026.mdx",67,TOO LONG,153,TOO SHORT,"15 Common Mistakes NEET Aspirants Make | Avoid These for 650+ Score","Learn the 15 most common mistakes NEET aspirants make and how to avoid them. Expert guidance to prevent preparation pitfalls and score 650+ in NEET 2026.","Remove 7 chars - shorten descriptions/remove pipes","Add 2 chars - add details/examples/year"
"cracking-the-code-of-neet-exam-success.mdx",63,TOO LONG,148,TOO SHORT,"Cracking the Code of NEET Exam Success: Complete Blueprint 2026","Decode the secrets of NEET exam success. Learn the strategies; study patterns; and mindset shifts that transform average students into NEET toppers.","Remove 3 chars - shorten descriptions/remove pipes","Add 7 chars - add details/examples/year"
"delhi-ncr-medical-colleges-review-sharda-santosh-sgt-hamdard-2026.mdx",76,TOO LONG,157,OK,"Sharda vs Santosh vs SGT vs Hamdard Review 2026 | Delhi NCR Medical Colleges","Honest review of Delhi NCR medical colleges - Sharda; Santosh; SGT; Hamdard; Subharti. Compare infrastructure; fees (₹18-23L); hospital; faculty & placement.","Remove 16 chars - shorten descriptions/remove pipes",""
"do-or-die-chapters-neet-2026-biology.mdx",78,TOO LONG,150,TOO SHORT,"Do or Die Chapters NEET 2026 Biology - Score 340+ with These Must-Learn Topics","Complete list of Do or Die chapters for NEET 2026 Biology. High-yield topics that guarantee 70-80 questions. Expert strategy to score 340+ in Biology.","Remove 18 chars - shorten descriptions/remove pipes","Add 5 chars - add details/examples/year"
"dps-students-neet-preparation-guide.mdx",67,TOO LONG,134,TOO SHORT,"DPS Students NEET Preparation Guide 2026: Excel in Medical Entrance","Complete NEET preparation guide for DPS students. Balance school activities; leverage CBSE curriculum; and ace medical entrance exams.","Remove 7 chars - shorten descriptions/remove pipes","Add 21 chars - add details/examples/year"
"dropper-batch-vs-regular-batch-comparison.mdx",66,TOO LONG,153,TOO SHORT,"Dropper Batch vs Regular Batch for NEET 2026 - Complete Comparison","Should droppers join dropper batch or regular batch? Detailed comparison of teaching pace; batch composition; fees; and success rates to help you decide.","Remove 6 chars - shorten descriptions/remove pipes","Add 2 chars - add details/examples/year"
"dropper-case-studies-480-to-650-score-improvement.mdx",72,TOO LONG,154,TOO SHORT,"NEET Dropper Success Stories: 480 to 650+ Score Improvement Case Studies","Real case studies of NEET droppers who improved 100-200 marks in their drop year. Detailed strategies; study plans; and lessons from successful repeaters.","Remove 12 chars - shorten descriptions/remove pipes","Add 1 chars - add details/examples/year"
"dropper-mental-health-guide-handling-pressure-motivation.mdx",69,TOO LONG,173,TOO LONG,"NEET Dropper Mental Health Guide 2026 - Managing Anxiety & Motivation","Essential mental health guide for NEET droppers. Learn to handle pressure; manage anxiety; deal with social stigma; and stay motivated throughout your drop year preparation.","Remove 9 chars - shorten descriptions/remove pipes","Remove 13 chars - condense/remove redundancy"
"dy-patil-medical-college-pune-mumbai-kolhapur-comparison.mdx",62,TOO LONG,141,TOO SHORT,"DY Patil Medical College: Pune vs Navi Mumbai vs Kolhapur 2026","Compare DY Patil Medical College campuses - Pune (Rs 32L); Navi Mumbai (Rs 28L); Kolhapur (Rs 22L). Fees; cutoffs; infrastructure comparison.","Remove 2 chars - shorten descriptions/remove pipes","Add 14 chars - add details/examples/year"
"excretory-system-neet-notes.mdx",73,TOO LONG,139,TOO SHORT,"Excretory System NEET Notes 2026 | Kidney; Nephron; Urine Formation Guide","Complete NEET Biology notes on Excretory System. Learn kidney anatomy; nephron structure; urine formation mechanism with diagrams and PYQs.","Remove 13 chars - shorten descriptions/remove pipes","Add 16 chars - add details/examples/year"
"future-of-neet-coaching-india-2026-expert-analysis.mdx",68,TOO LONG,142,TOO SHORT,"Future of NEET Coaching India 2026-2030: Expert Trends & Predictions","Expert analysis by Dr. Shekhar on future of NEET coaching: AI; hybrid learning; small batches; regional expansion; outcome-based pricing. What","Remove 8 chars - shorten descriptions/remove pipes","Add 13 chars - add details/examples/year"
"genetics-for-neet-mendel-to-molecular-biology.mdx",66,TOO LONG,150,TOO SHORT,"Genetics for NEET 2026: Mendel to Molecular Biology Complete Guide","Complete NEET Genetics guide covering Mendelian inheritance; molecular basis of inheritance; evolution; and previous year analysis with practice MCQs.","Remove 6 chars - shorten descriptions/remove pipes","Add 5 chars - add details/examples/year"
"genetics-heredity-variation-neet.mdx",33,TOO SHORT,154,TOO SHORT,"Genetics NEET Notes 2026 | Mendel","Complete NEET Biology notes on Principles of Inheritance and Variation. Learn Mendelian genetics; chromosomal basis; linkage; genetic disorders with PYQs.","Add 22 chars - expand with year/details","Add 1 chars - add details/examples/year"
"genetics-molecular-biology-neet-complete-guide.mdx",67,TOO LONG,168,TOO LONG,"Genetics & Molecular Biology NEET Guide: 8-12 Questions = 40+ Marks","Complete Genetics & Molecular Biology guide for NEET 2026. Master DNA replication; transcription; translation; Mendelian laws; and inheritance patterns for 32-48 marks.","Remove 7 chars - shorten descriptions/remove pipes","Remove 8 chars - condense/remove redundancy"
"how-to-avoid-silly-mistakes-neet-exam.mdx",63,TOO LONG,149,TOO SHORT,"How to Avoid Silly Mistakes in NEET Exam 2026: Save 20-40 Marks","Stop losing marks to silly mistakes in NEET. 15 proven exam-hall techniques to avoid careless errors in bubbling; calculations; and question reading.","Remove 3 chars - shorten descriptions/remove pipes","Add 6 chars - add details/examples/year"
"how-to-improve-neet-score-400-to-600-strategy.mdx",71,TOO LONG,179,TOO LONG,"How to Improve NEET Score from 400 to 600+ in 90 Days - Proven Strategy","Step-by-step 90-day plan to jump from 400 to 600+ in NEET. Subject-wise strategy; daily timetable; chapter priority list; and common mistakes to avoid. Works for average students.","Remove 11 chars - shorten descriptions/remove pipes","Remove 19 chars - condense/remove redundancy"
"how-to-score-320-plus-neet-biology.mdx",59,OK,153,TOO SHORT,"How to Score 320+ in NEET Biology - Complete Strategy Guide","Master the art of scoring 320+ in NEET Biology with our comprehensive guide covering chapter priorities; NCERT reading techniques; and topper strategies.","","Add 2 chars - add details/examples/year"
"how-to-score-340-plus-in-neet-biology-expert-strategy.mdx",63,TOO LONG,165,TOO LONG,"How to Score 340+ in NEET Biology 2026 — Expert Strategy & Tips","Step-by-step strategy to score 340+ in NEET Biology. Month-by-month plan; NCERT mastery; PYQ analysis; diagram practice; and mock test techniques from AIIMS faculty.","Remove 3 chars - shorten descriptions/remove pipes","Remove 5 chars - condense/remove redundancy"
"how-to-score-360-in-neet-biology.mdx",61,TOO LONG,160,OK,"How to Score 360/360 in NEET Biology 2026 — Complete Strategy","Proven strategy to score 360/360 in NEET Biology. Chapter-wise plan; daily schedule; PYQ analysis; and expert tips from Dr. Shekhar at Cerebrum Biology Academy.","Remove 1 chars - shorten descriptions/remove pipes",""
"how-to-score-600-plus-in-neet-2026.mdx",63,TOO LONG,181,TOO LONG,"How to Score 600+ in NEET 2026 - Complete Strategy & Study Plan","Learn how to score 600+ marks in NEET 2026 with proven strategies. Subject-wise tips; daily timetable; mock test schedule & expert guidance for government medical college admission.","Remove 3 chars - shorten descriptions/remove pipes","Remove 21 chars - condense/remove redundancy"
"how-to-score-700-plus-in-neet.mdx",67,TOO LONG,154,TOO SHORT,"How to Score 700+ in NEET 2026 - Topper Strategy & Complete Roadmap","Learn how to score 700+ in NEET 2026 with proven strategies from AIIMS toppers. Includes daily schedule; subject-wise approach; and month-wise study plan.","Remove 7 chars - shorten descriptions/remove pipes","Add 1 chars - add details/examples/year"
"how-to-stay-motivated-during-neet-preparation.mdx",67,TOO LONG,158,OK,"How to Stay Motivated During NEET Preparation: 12 Proven Strategies","Struggling with motivation during NEET prep? 12 science-backed strategies to maintain drive; overcome slumps; and stay consistent throughout your preparation.","Remove 7 chars - shorten descriptions/remove pipes",""
"human-digestion-absorption-neet.mdx",80,TOO LONG,148,TOO SHORT,"Human Digestion and Absorption NEET Notes 2026 | Complete Digestive System Guide","Comprehensive NEET Biology notes on Digestion and Absorption. Learn digestive system anatomy; enzymes; absorption mechanisms with diagrams and PYQs.","Remove 20 chars - shorten descriptions/remove pipes","Add 7 chars - add details/examples/year"
"human-physiology-neet-complete-guide-50-marks.mdx",65,TOO LONG,189,TOO LONG,"Human Physiology NEET Guide: 12-15 Questions = 50+ Marks Strategy","Complete Human Physiology guide for NEET 2026. Master all 5 systems (digestion; respiration; circulation; excretion; neural) with diagrams; NCERT strategy; and scoring tips for 48-60 marks.","Remove 5 chars - shorten descriptions/remove pipes","Remove 29 chars - condense/remove redundancy"
"human-physiology-neet-complete-notes.mdx",74,TOO LONG,158,OK,"Human Physiology NEET Notes PDF - Complete 7 Chapters with Diagrams (2026)","Download Human Physiology notes for NEET. All 7 chapters covered with diagrams; tables; mnemonics. Highest-weightage unit contributing 14-16 questions yearly.","Remove 14 chars - shorten descriptions/remove pipes",""
"human-reproduction-neet-notes-complete-guide.mdx",71,TOO LONG,146,TOO SHORT,"Human Reproduction NEET Notes 2026 | Gametogenesis; Fertilization Guide","Complete Human Reproduction notes for NEET 2026. Learn gametogenesis; fertilization; pregnancy & development with NCERT diagrams and PYQ analysis.","Remove 11 chars - shorten descriptions/remove pipes","Add 9 chars - add details/examples/year"
"important-biology-diagrams-neet-complete-list.mdx",63,TOO LONG,187,TOO LONG,"50 Important NEET Biology Diagrams 2026: Complete Mastery Guide","Master 50 critical NEET Biology diagrams with 5-step practice method. 20-25% Biology questions are diagram-based (60-80 marks). Includes heart; nephron; brain; flower; all NCERT diagrams.","Remove 3 chars - shorten descriptions/remove pipes","Remove 27 chars - condense/remove redundancy"
"kota-vs-online-neet-coaching-2026.mdx",48,TOO SHORT,149,TOO SHORT,"Kota vs Online NEET Coaching 2026: Honest Parent","Complete comparison of Kota vs online NEET coaching. Real costs; success rates; mental health impact; and expert recommendations for parents in 2026.","Add 7 chars - expand with year/details","Add 6 chars - add details/examples/year"
"last-6-months-neet-2026-preparation-strategy.mdx",65,TOO LONG,145,TOO SHORT,"Last 6 Months NEET 2026 Strategy: Month-by-Month Preparation Plan","Complete 6-month NEET 2026 preparation strategy with detailed daily schedule; subject-wise plan; revision techniques; and tips from NEET toppers.","Remove 5 chars - shorten descriptions/remove pipes","Add 10 chars - add details/examples/year"
"maharashtra-mbbs-counselling-dmer-guide-2026.mdx",54,TOO SHORT,153,TOO SHORT,"Maharashtra MBBS Counselling 2026: DMER Complete Guide","Complete guide to DMER Maharashtra MBBS counselling 2026 - registration process; documents; choice filling strategy; seat allotment; and important dates.","Add 1 chars - expand with year/details","Add 2 chars - add details/examples/year"
"management-nri-quota-mbbs-admission-guide-2026.mdx",65,TOO LONG,153,TOO SHORT,"Management & NRI Quota MBBS 2026 | Complete Fee & Admission Guide","Complete guide to Management Quota (₹20-35L) & NRI Quota ($25-40K) MBBS admission 2026. Legal process; eligibility; fee comparison; scam prevention tips.","Remove 5 chars - shorten descriptions/remove pipes","Add 2 chars - add details/examples/year"
"medical-colleges-pune-complete-guide-2026.mdx",59,OK,146,TOO SHORT,"Top 10 Medical Colleges Pune 2026: Fees; Cutoffs & Rankings","Complete guide to best medical colleges in Pune with fees (Rs 8L-32L/year); NEET cutoffs; government vs private comparison; and admission process.","","Add 9 chars - add details/examples/year"
"mistakes-to-avoid-during-neet-preparation.mdx",70,TOO LONG,160,OK,"Mistakes to Avoid During NEET Preparation 2026: Parent & Student Guide","10 critical NEET preparation mistakes that cost students a year or more. A comprehensive guide for both parents and students on what NOT to do during NEET prep.","Remove 10 chars - shorten descriptions/remove pipes",""
"mock-test-strategy-neet-2026-complete-guide.mdx",74,TOO LONG,143,TOO SHORT,"Mock Test Strategy for NEET 2026: Complete Guide to Score 650+ Using Mocks","Learn the proven mock test strategy for NEET 2026. Discover how to take; analyze; and improve from mocks. Expert tips to jump from 450 to 650+.","Remove 14 chars - shorten descriptions/remove pipes","Add 12 chars - add details/examples/year"
"most-important-topics-neet-physics-chemistry-biology.mdx",80,TOO LONG,162,TOO LONG,"Most Important Topics for NEET 2026: Physics; Chemistry & Biology Priority Guide","Complete list of most important topics for NEET 2026 in all three subjects. Chapter-wise weightage analysis; high-yield topics; and smart prioritization strategy.","Remove 20 chars - shorten descriptions/remove pipes","Remove 2 chars - condense/remove redundancy"
"ncert-line-by-line-biology-neet-guide.mdx",35,TOO SHORT,96,TOO SHORT,"NCERT Line-by-Line for NEET Biology","Complete guide to reading NCERT for NEET Biology with exam-critical concepts and practical tips.","Add 20 chars - expand with year/details","Add 59 chars - add details/examples/year"
"ncert-line-by-line-reading-strategy-neet.mdx",65,TOO LONG,178,TOO LONG,"NCERT Line-by-Line Reading for NEET 2026: Complete Strategy Guide","Complete NCERT line-by-line reading strategy for NEET 2026. Master annotation; chapter priorities; 3-revision cycle; time management for 600+ score. Used by AIR Top 100 students.","Remove 5 chars - shorten descriptions/remove pipes","Remove 18 chars - condense/remove redundancy"
"ncert-reading-strategy-neet-biology-2026.mdx",66,TOO LONG,158,OK,"NCERT Reading Strategy for NEET Biology 2026: Line-by-Line Mastery","Learn the proven NCERT reading strategy for NEET Biology. Discover how toppers read NCERT line-by-line to score 340+ in Biology. Complete guide with examples.","Remove 6 chars - shorten descriptions/remove pipes",""
"neet-2026-biology-paper-analysis.mdx",80,TOO LONG,152,TOO SHORT,"NEET 2026 Biology Paper Analysis - Chapter-wise Questions; Difficulty & Insights","Detailed NEET 2026 Biology paper analysis with chapter-wise breakdown; difficulty level; most asked topics; and key learnings for NEET 2026 preparation.","Remove 20 chars - shorten descriptions/remove pipes","Add 3 chars - add details/examples/year"
"neet-2026-biology-syllabus-complete-guide.mdx",66,TOO LONG,141,TOO SHORT,"NEET 2026 Biology Syllabus - Complete Chapter-Wise Weightage Guide","Official NEET 2026 Biology syllabus with chapter-wise weightage analysis. Complete guide to all Class 11 and 12 topics with preparation tips.","Remove 6 chars - shorten descriptions/remove pipes","Add 14 chars - add details/examples/year"
"neet-2026-complete-guide-exam-pattern-syllabus-dates.mdx",78,TOO LONG,151,TOO SHORT,"NEET 2026 Complete Guide: Exam Pattern; Syllabus; Dates | Official Information","Complete NEET 2026 guide with exam pattern; syllabus; important dates; eligibility criteria; and expert preparation strategy. Updated for NEET UG 2026.","Remove 18 chars - shorten descriptions/remove pipes","Add 4 chars - add details/examples/year"
"neet-2026-complete-preparation-guide-ai-optimized.mdx",77,TOO LONG,161,TOO LONG,"NEET 2026 Complete Preparation Guide: Exam Pattern; Syllabus; Strategy & Tips","Complete NEET 2026 preparation guide with exam details; syllabus breakdown; subject-wise strategy; best books; and month-by-month timeline to score 650+ in NEET.","Remove 17 chars - shorten descriptions/remove pipes","Remove 1 chars - condense/remove redundancy"
"neet-2026-difficulty-level-cutoff-prediction-analysis.mdx",73,TOO LONG,175,TOO LONG,"NEET 2026 Difficulty Level Prediction & Expected Cutoff - Expert Analysis","NEET 2026 difficulty level prediction with category-wise cutoff analysis. Expert insights on expected paper pattern; marking trends; and rank vs marks data for all categories.","Remove 13 chars - shorten descriptions/remove pipes","Remove 15 chars - condense/remove redundancy"
"neet-2026-exam-pattern-changes-explained.mdx",68,TOO LONG,168,TOO LONG,"NEET 2026 Pattern Changes: 180 Questions; No Choice | Complete Guide","NMC announces NEET 2026 pattern changes: 180 compulsory questions (no internal choice); updated syllabus; stronger security. Complete analysis and preparation strategy.","Remove 8 chars - shorten descriptions/remove pipes","Remove 8 chars - condense/remove redundancy"
"neet-2026-exam-pattern-changes.mdx",56,OK,130,TOO SHORT,"NEET 2026 Exam Pattern & Latest Changes - Complete Guide","Master NEET 2026 exam pattern; marking scheme; syllabus changes. Learn how this year differs from 2025 with our detailed analysis.","","Add 25 chars - add details/examples/year"
"neet-2026-expected-questions-predictions.mdx",74,TOO LONG,177,TOO LONG,"NEET 2026 Expected Questions - Chapter-wise Predictions & Important Topics","NEET 2026 expected questions based on 10-year trend analysis. Get chapter-wise predictions; most repeated topics; and high-probability questions for Biology; Physics; Chemistry.","Remove 14 chars - shorten descriptions/remove pipes","Remove 17 chars - condense/remove redundancy"
"neet-2026-month-by-month-roadmap-complete.mdx",0,,0,,"MISSING","MISSING","",""
"neet-2026-preparation-timeline-class-12.mdx",61,TOO LONG,127,TOO SHORT,"NEET 2026 Class 12 Preparation Timeline | Month-by-Month Plan","NEET 2026 study schedule for Class 12 students: February to May plan; board exam balance; mock test strategy; final month prep.","Remove 1 chars - shorten descriptions/remove pipes","Add 28 chars - add details/examples/year"
"neet-2026-registration-guide-step-by-step.mdx",62,TOO LONG,158,OK,"NEET 2026 Registration: Step-by-Step Guide | Dates & Documents","Complete NEET 2026 registration guide with exact dates; document checklist; eKYC process; fee details; and common mistakes. Registration closes March 8; 2026.","Remove 2 chars - shorten descriptions/remove pipes",""
"neet-2026-result-analysis-cutoff-trends.mdx",65,TOO LONG,153,TOO SHORT,"NEET 2026 Result Analysis - Cutoff Trends & Admission Predictions","Complete NEET 2026 result analysis with category-wise cutoffs; state-wise college admission trends; score vs rank data; and MBBS counselling predictions.","Remove 5 chars - shorten descriptions/remove pipes","Add 2 chars - add details/examples/year"
"neet-2026-syllabus-complete-guide-deleted-topics.mdx",73,TOO LONG,151,TOO SHORT,"NEET 2026 Syllabus PDF Download - Deleted Topics; New Changes & Weightage","Complete NEET 2026 syllabus with deleted topics list; newly added chapters; chapter-wise weightage. Free PDF download with expert preparation strategy.","Remove 13 chars - shorten descriptions/remove pipes","Add 4 chars - add details/examples/year"
"neet-4-month-study-plan-2026.mdx",62,TOO LONG,156,OK,"NEET 4 Months Study Plan 2026 - Week-by-Week Schedule for 600+","Complete NEET 4 months study plan 2026. Get week-by-week schedule; daily timetable; subject-wise strategy & mock test plan to score 600+ marks. Start today!","Remove 2 chars - shorten descriptions/remove pipes",""
"neet-400-500-marks-medical-colleges-maharashtra.mdx",48,TOO SHORT,145,TOO SHORT,"NEET 400-500 Marks: Colleges in Maharashtra 2026","Get MBBS admission in Maharashtra with 400-500 NEET marks. Score-to-rank conversion; college options by category; fees; and admission strategies.","Add 7 chars - expand with year/details","Add 10 chars - add details/examples/year"
"neet-animal-kingdom-weightage-chapter-wise-analysis.mdx",79,TOO LONG,163,TOO LONG,"NEET Animal Kingdom Weightage 2026 | Phyla-Wise Analysis; PYQ Trends & Strategy","NEET Animal Kingdom weightage breakdown — all 11 phyla analysis with year-wise PYQ data; most-asked features; example-based questions; and memorization strategies.","Remove 19 chars - shorten descriptions/remove pipes","Remove 3 chars - condense/remove redundancy"
"neet-application-form-2026.mdx",62,TOO LONG,153,TOO SHORT,"NEET 2026 Application Form - Registration; Fees & How to Apply","Complete guide to NEET 2026 application form registration. Step-by-step process; documents required; fees; important dates; and common mistakes to avoid.","Remove 2 chars - shorten descriptions/remove pipes","Add 2 chars - add details/examples/year"
"neet-biology-30-day-revision-plan.mdx",62,TOO LONG,153,TOO SHORT,"NEET Biology 30-Day Revision Plan - Complete Day-Wise Schedule","Master NEET Biology in 30 days with our proven revision plan. Day-by-day schedule covering all chapters; revision techniques; and last-minute strategies.","Remove 2 chars - shorten descriptions/remove pipes","Add 2 chars - add details/examples/year"
"neet-biology-assertion-reason-diagram-questions-guide.mdx",84,TOO LONG,179,TOO LONG,"NEET Biology Assertion-Reason & Diagram Questions - 50+ Practice MCQs with Solutions","Complete guide to solving NEET Biology assertion-reason and diagram-based questions. 50+ practice MCQs with explanations. Scoring strategy for these high-frequency question types.","Remove 24 chars - shorten descriptions/remove pipes","Remove 19 chars - condense/remove redundancy"
"neet-biology-assertion-reason-questions-guide.mdx",39,TOO SHORT,88,TOO SHORT,"Assertion-Reason Questions NEET Biology","Complete guide to NEET Assertion-Reason questions with strategies and practice examples.","Add 16 chars - expand with year/details","Add 67 chars - add details/examples/year"
"neet-biology-chapter-wise-weightage-2026-advanced.mdx",70,TOO LONG,153,TOO SHORT,"NEET Biology Chapter-Wise Weightage 2026 — Complete Marks Distribution","Detailed NEET Biology chapter weightage 2026: exact marks per chapter; priority ranking; and smart preparation strategy to score 340+ in biology section.","Remove 10 chars - shorten descriptions/remove pipes","Add 2 chars - add details/examples/year"
"neet-biology-chapter-wise-weightage-2026.mdx",68,TOO LONG,161,TOO LONG,"NEET Biology Chapter-wise Weightage 2026: High-Yield Topics for 340+","Detailed analysis of NEET Biology chapter-wise weightage based on 10-year trends. Know which chapters give maximum questions and how to prioritize for NEET 2026.","Remove 8 chars - shorten descriptions/remove pipes","Remove 1 chars - condense/remove redundancy"
"neet-biology-coaching-delhi-ncr-guide.mdx",60,OK,149,TOO SHORT,"Best NEET Biology Coaching in Delhi NCR 2026: Complete Guide","Compare top NEET biology coaching institutes in Delhi NCR. Expert reviews; fees; success rates; and student testimonials to help you choose the best.","","Add 6 chars - add details/examples/year"
"neet-biology-complete-chapter-wise-resource-hub.mdx",82,TOO LONG,168,TOO LONG,"NEET Biology Chapter-Wise Resource Hub: Weightage; Notes; PYQs for All 38 Chapters","Complete chapter-wise resource hub for NEET Biology. Covers all 38 chapters with weightage; key topics; common questions; tips; and diagrams for systematic preparation.","Remove 22 chars - shorten descriptions/remove pipes","Remove 8 chars - condense/remove redundancy"
"neet-biology-diagrams-practice-guide.mdx",64,TOO LONG,137,TOO SHORT,"NEET Biology Diagrams - 50 Must-Practice Diagrams & Drawing Tips","Complete guide to NEET biology diagrams. Learn 50 must-practice diagrams with marking criteria; common mistakes; and expert drawing tips.","Remove 4 chars - shorten descriptions/remove pipes","Add 18 chars - add details/examples/year"
"neet-biology-human-physiology-complete-guide.mdx",63,TOO LONG,131,TOO SHORT,"Human Physiology NEET 2026 | Complete Chapter Guide & Weightage","All Human Physiology chapters for NEET: detailed explanation; weightage analysis; common questions; mnemonics and scoring strategy.","Remove 3 chars - shorten descriptions/remove pipes","Add 24 chars - add details/examples/year"
"neet-biology-mcq-practice-guide-1000-questions.mdx",0,,0,,"MISSING","MISSING","",""
"neet-biology-most-repeated-questions-analysis-2026.mdx",68,TOO LONG,154,TOO SHORT,"NEET Biology Most Repeated Questions - 10-Year Chapter-wise Analysis","NEET Biology most repeated questions analysis from 2015-2025. Get chapter-wise list of frequently asked topics; patterns & high-yield areas for NEET 2026.","Remove 8 chars - shorten descriptions/remove pipes","Add 1 chars - add details/examples/year"
"neet-biology-notes-pdf-free-download-2026.mdx",65,TOO LONG,155,OK,"NEET Biology Notes PDF Free Download 2026 - Chapter-wise Material","Free NEET Biology notes PDF download 2026. Get chapter-wise notes; NCERT summaries; diagrams; mnemonics & quick revision sheets. Prepared by AIIMS faculty.","Remove 5 chars - shorten descriptions/remove pipes",""
"neet-biology-olympiad-preparation-guide.mdx",58,OK,154,TOO SHORT,"Biology Olympiad Preparation Guide: NSBO; INBO; IBO + NEET","Complete guide to biology olympiad preparation (NSBO; INBO; IBO) and its overlap with NEET. Advance from school to national to international competitions.","","Add 1 chars - add details/examples/year"
"neet-biology-preparation-strategy-score-340-plus.mdx",64,TOO LONG,156,OK,"NEET Biology Strategy 2026: Score 340+ out of 360 | Expert Guide","Complete NEET Biology preparation strategy to score 340+ out of 360 marks. Expert tips; study plan; and high-weightage topics by AIIMS faculty. Start today!","Remove 4 chars - shorten descriptions/remove pipes",""
"neet-biology-previous-year-questions-analysis.mdx",60,OK,130,TOO SHORT,"NEET Biology PYQ Analysis 2019-2025 - Complete Pattern Guide","Analyze NEET biology previous year questions (2019-2025). Understand repeated topics; chapter patterns; and prepare strategically.","","Add 25 chars - add details/examples/year"
"neet-biology-pyq-analysis-2015-2025.mdx",35,TOO SHORT,98,TOO SHORT,"NEET Biology PYQ Analysis 2015-2025","10-year past question analysis showing chapter trends; weightage patterns; and what to prioritize.","Add 20 chars - expand with year/details","Add 57 chars - add details/examples/year"
"neet-biology-pyq-chapter-wise-pdf-download.mdx",82,TOO LONG,150,TOO SHORT,"NEET Biology PYQ PDF Download - 37 Years Chapter-wise Solved Questions (1988-2024)","Free download NEET Biology Previous Year Questions PDF. Chapter-wise PYQs from 1988-2024 with detailed solutions. Essential for NEET 2026 preparation.","Remove 22 chars - shorten descriptions/remove pipes","Add 5 chars - add details/examples/year"
"neet-biology-syllabus-2026-complete-guide.mdx",70,TOO LONG,147,TOO SHORT,"NEET Biology Syllabus 2026: Complete Official Chapter-wise Topics List","Download NEET 2026 Biology syllabus PDF. Complete chapter-wise topics from Class 11 & 12 NCERT with weightage analysis and expert preparation tips.","Remove 10 chars - shorten descriptions/remove pipes","Add 8 chars - add details/examples/year"
"neet-biology-topper-handwritten-notes-2026.mdx",69,TOO LONG,158,OK,"NEET Biology Topper Notes 2026 - Handwritten Notes from AIIMS Rankers","NEET Biology topper handwritten notes for 2026. Learn note-making secrets from AIIMS toppers; chapter-wise examples & techniques that helped score 680+ marks.","Remove 9 chars - shorten descriptions/remove pipes",""
"neet-biotechnology-weightage-chapter-wise-analysis.mdx",74,TOO LONG,172,TOO LONG,"NEET Biotechnology Weightage 2026 | Principles & Applications PYQ Analysis","NEET Biotechnology weightage analysis covering Principles (rDNA; PCR; gel electrophoresis) and Applications (Bt crops; gene therapy; GMOs). Year-wise PYQ data and strategy.","Remove 14 chars - shorten descriptions/remove pipes","Remove 12 chars - condense/remove redundancy"
"neet-cell-biology-weightage-chapter-wise-analysis.mdx",84,TOO LONG,162,TOO LONG,"NEET Cell Biology Weightage 2026 | Cell Structure + Biomolecules + Division Analysis","NEET Cell Biology unit weightage — combining Cell: The Unit of Life; Biomolecules; and Cell Division. Year-wise PYQ trends; important diagrams; and scoring guide.","Remove 24 chars - shorten descriptions/remove pipes","Remove 2 chars - condense/remove redundancy"
"neet-coaching-delhi-vs-kota-2026.mdx",56,OK,112,TOO SHORT,"NEET Coaching Delhi vs Kota 2026 | Which City is Better?","Compare Delhi vs Kota NEET coaching 2026: costs; quality; peer network; mental health impact; and success rates.","","Add 43 chars - add details/examples/year"
"neet-cutoff-2026-category-wise.mdx",71,TOO LONG,165,TOO LONG,"NEET Cut-off 2026 Category-wise - Expected Marks; Percentile & Colleges","NEET 2026 cut-off marks for all categories - General; OBC; SC; ST; EWS; PwD. State-wise cut-offs; AIQ predictions; and which college you can get based on your score.","Remove 11 chars - shorten descriptions/remove pipes","Remove 5 chars - condense/remove redundancy"
"neet-drop-year-strategy-2026.mdx",59,OK,149,TOO SHORT,"NEET Drop Year Strategy 2026 - Complete Guide for Repeaters","Comprehensive drop year strategy for NEET 2026 repeaters. Month-wise preparation plan; mental health tips; and success strategies for second attempt.","","Add 6 chars - add details/examples/year"
"neet-dropper-batch-2026-online-coaching-guide.mdx",62,TOO LONG,156,OK,"NEET Dropper Batch 2026 Online - Transform Your Second Attempt","Best NEET dropper batch 2026 with small batches; AIIMS faculty; personal mentorship. 98% success rate; 150+ marks improvement. Avoid mass coaching mistakes.","Remove 2 chars - shorten descriptions/remove pipes",""
"neet-dropper-repeater-complete-strategy-guide.mdx",70,TOO LONG,176,TOO LONG,"NEET Dropper Strategy 2026: Score 650+ in 2nd Attempt | Complete Guide","Complete NEET dropper strategy for 2026: Analyze mistakes; rebuild concepts; manage psychology; avoid burnout; and score 650+ in second attempt. 40% NEET toppers are repeaters.","Remove 10 chars - shorten descriptions/remove pipes","Remove 16 chars - condense/remove redundancy"
"neet-dropper-year-complete-guide-2026.mdx",83,TOO LONG,206,TOO LONG,"NEET Dropper Year Complete Guide 2026 — Strategy; Timeline; Tips | Cerebrum Academy","Is taking a NEET drop year worth it in 2026? Complete guide with month-by-month study plan; score improvement strategies; mental health tips; and real student success stories. By Dr. Shekhar; AIIMS faculty.","Remove 23 chars - shorten descriptions/remove pipes","Remove 46 chars - condense/remove redundancy"
"neet-ecology-weightage-chapter-wise-analysis.mdx",75,TOO LONG,182,TOO LONG,"NEET Ecology Weightage 2026 | Year-Wise Analysis; Scoring Topics & Strategy","NEET Ecology weightage analysis with year-wise question trends (2019-2025). Covers Organisms & Populations; Ecosystem; Biodiversity; Environmental Issues. Easy scoring chapter guide.","Remove 15 chars - shorten descriptions/remove pipes","Remove 22 chars - condense/remove redundancy"
"neet-eligibility-criteria-2026.mdx",67,TOO LONG,177,TOO LONG,"NEET 2026 Eligibility Criteria - Age Limit; Qualification; Attempts","Complete NEET 2026 eligibility criteria - age limit; educational qualification; attempts allowed; nationality requirements; and category-wise relaxations for MBBS/BDS admission.","Remove 7 chars - shorten descriptions/remove pipes","Remove 17 chars - condense/remove redundancy"
"neet-evolution-weightage-chapter-wise-analysis.mdx",79,TOO LONG,166,TOO LONG,"NEET Evolution Weightage 2026 | PYQ Analysis; Important Topics & Quick Strategy","NEET Evolution chapter weightage analysis — Origin of Life; evidences; Darwin vs Lamarck; Hardy-Weinberg; human evolution. Year-wise PYQ trends and high-yield topics.","Remove 19 chars - shorten descriptions/remove pipes","Remove 6 chars - condense/remove redundancy"
"neet-exam-centres-state-wise-2026.mdx",63,TOO LONG,159,OK,"NEET 2026 Exam Centres State-wise - Complete List of All Cities","Complete list of NEET 2026 exam centres state-wise. Find all 600+ cities across India; how to choose exam centers; and tips for selecting the nearest location.","Remove 3 chars - shorten descriptions/remove pipes",""
"neet-exam-day-tips-last-minute-guide-2026.mdx",64,TOO LONG,158,OK,"NEET Exam Day Tips 2026 - Last Minute Guide for Best Performance","NEET 2026 exam day tips and last minute guide. Learn time management; paper-attempting strategy; what to carry; and mental preparation to score maximum marks.","Remove 4 chars - shorten descriptions/remove pipes",""
"neet-genetics-weightage-chapter-wise-analysis.mdx",70,TOO LONG,179,TOO LONG,"NEET Genetics Weightage 2026 | MBI + PIV Year-Wise Analysis & Strategy","Complete NEET Genetics weightage analysis covering Molecular Basis of Inheritance and Principles of Inheritance. Year-wise PYQ distribution; scoring topics; and preparation guide.","Remove 10 chars - shorten descriptions/remove pipes","Remove 19 chars - condense/remove redundancy"
"neet-human-physiology-weightage-chapter-wise-analysis.mdx",86,TOO LONG,174,TOO LONG,"NEET Human Physiology Weightage 2026 | Year-Wise Analysis; Important Topics & Strategy","Complete NEET Human Physiology weightage analysis with year-wise question distribution (2019-2025); most important topics; PYQ trends; and 90-day study plan by AIIMS faculty.","Remove 26 chars - shorten descriptions/remove pipes","Remove 14 chars - condense/remove redundancy"
"neet-mock-test-strategy-complete-guide.mdx",62,TOO LONG,187,TOO LONG,"NEET Mock Test Strategy 2026: Score 650+ with 30-40 Mock Tests","Complete NEET mock test guide: When to start; frequency (2-3/week last 2 months); 3-hour analysis method; time management techniques; score tracking. Improve from 520 to 650+ in 12 weeks.","Remove 2 chars - shorten descriptions/remove pipes","Remove 27 chars - condense/remove redundancy"
"neet-negative-marking-strategy-when-to-guess-skip.mdx",69,TOO LONG,161,TOO LONG,"NEET Negative Marking Strategy 2026: When to Guess vs Skip — The Math","Master NEET negative marking with probability-based decision making. The exact math behind when to attempt; guess; or skip questions to maximize your NEET score.","Remove 9 chars - shorten descriptions/remove pipes","Remove 1 chars - condense/remove redundancy"
"neet-plant-morphology-anatomy-weightage-analysis.mdx",84,TOO LONG,151,TOO SHORT,"NEET Plant Morphology & Anatomy Weightage 2026 | Tissues; Organs & Families Analysis","NEET Morphology of Flowering Plants + Anatomy weightage analysis. Covers root; stem; leaf structure; tissue systems; families comparison with PYQ data.","Remove 24 chars - shorten descriptions/remove pipes","Add 4 chars - add details/examples/year"
"neet-plant-physiology-weightage-chapter-wise-analysis.mdx",83,TOO LONG,155,OK,"NEET Plant Physiology Weightage 2026 | Photosynthesis; Respiration; Growth Analysis","NEET Plant Physiology chapter weightage breakdown covering Photosynthesis; Respiration in Plants; Plant Growth. Year-wise PYQ analysis and mastery roadmap.","Remove 23 chars - shorten descriptions/remove pipes",""
"neet-preparation-roadmap-class-9-10-students.mdx",71,TOO LONG,157,OK,"NEET Preparation Roadmap for Class 9 & 10 Students: Complete Guide 2026","Detailed NEET preparation roadmap for Class 9 and 10 students. Year-by-year plan; subject priorities; resource recommendations; and school-NEET balance tips.","Remove 11 chars - shorten descriptions/remove pipes",""
"neet-preparation-tips-for-delhi-ncr-students.mdx",63,TOO LONG,126,TOO SHORT,"NEET Preparation Tips for Delhi NCR Students | Local Advantages","Use Delhi NCR advantages for NEET 2026: AIIMS library; medical museums; hospital visits; coaching ecosystem; and peer network.","Remove 3 chars - shorten descriptions/remove pipes","Add 29 chars - add details/examples/year"
"neet-reproduction-weightage-chapter-wise-analysis.mdx",76,TOO LONG,151,TOO SHORT,"NEET Reproduction Weightage 2026 | Year-Wise PYQ Analysis & Important Topics","NEET Reproduction unit weightage analysis — covers Reproduction in Organisms; Human Reproduction; Reproductive Health with PYQ trends and scoring tips.","Remove 16 chars - shorten descriptions/remove pipes","Add 4 chars - add details/examples/year"
"neet-score-450-550-colleges-guide-2026.mdx",73,TOO LONG,150,TOO SHORT,"NEET Score 450-550: Best Medical Colleges 2026 | Complete Admission Guide","NEET score 450-550? Find best private medical colleges you can get in 2026. State-wise options; fee structure; cutoffs & tips to improve 50-100 marks.","Remove 13 chars - shorten descriptions/remove pipes","Add 5 chars - add details/examples/year"
"neet-vs-jee-which-is-tougher.mdx",55,OK,148,TOO SHORT,"NEET vs JEE 2026: Which is Tougher? Complete Comparison","NEET vs JEE comparison 2026 - difficulty level; syllabus; competition; career prospects; salary; and which exam is right for you. Complete analysis.","","Add 7 chars - add details/examples/year"
"nervous-system-neet-biology.mdx",70,TOO LONG,151,TOO SHORT,"Nervous System NEET Notes 2026 | Brain; Neuron; Synapse Complete Guide","Complete NEET Biology notes on Neural Control and Coordination. Learn neuron structure; nerve impulse transmission; brain parts with diagrams and PYQs.","Remove 10 chars - shorten descriptions/remove pipes","Add 4 chars - add details/examples/year"
"nri-quota-mbbs-maharashtra-complete-guide-2026.mdx",60,OK,165,TOO LONG,"NRI Quota MBBS Maharashtra 2026: Fees; Eligibility & Process","Complete guide to NRI quota MBBS in Maharashtra - eligibility for NRI/OCI/PIO; fees $20K-70K/year; colleges accepting NRI students; documents; and admission process.","","Remove 5 chars - condense/remove redundancy"
"online-career-counselling-neet-aspirants-guide.mdx",65,TOO LONG,151,TOO SHORT,"Online Career Counselling for NEET Aspirants: Complete Guide 2026","Discover how online career counselling helps NEET aspirants make informed decisions about medical careers; college choices; and preparation strategies.","Remove 5 chars - shorten descriptions/remove pipes","Add 4 chars - add details/examples/year"
"online-vs-offline-neet-coaching-2026.mdx",55,OK,137,TOO SHORT,"Online vs Offline NEET Coaching 2026 - Which Is Better?","Compare online and offline NEET coaching for biology. Pros; cons; costs; and tips to choose the best mode for your 2026 exam preparation.","","Add 18 chars - add details/examples/year"
"parents-guide-choosing-neet-coaching-delhi.mdx",6,TOO SHORT,111,TOO SHORT,"Parent","How to choose NEET coaching for your child in Delhi: faculty credentials; batch size; fees; EMI; and red flags.","Add 49 chars - expand with year/details","Add 44 chars - add details/examples/year"
"parents-guide-supporting-neet-aspirant-2026.mdx",69,TOO LONG,158,OK,"Parent Guide to NEET 2026: Support Your Child Without Adding Pressure","Complete guide for parents of NEET aspirants. Learn how to create the right environment; manage expectations; and support your child through NEET preparation.","Remove 9 chars - shorten descriptions/remove pipes",""
"photosynthesis-complete-neet-guide.mdx",76,TOO LONG,150,TOO SHORT,"Photosynthesis NEET 2026: Light Reactions; Calvin Cycle; C3/C4 Plants & MCQs","Master photosynthesis for NEET with complete explanation of light reactions; dark reactions; C3 vs C4 plants; and practice MCQs with detailed answers.","Remove 16 chars - shorten descriptions/remove pipes","Add 5 chars - add details/examples/year"
"photosynthesis-neet-biology-notes.mdx",72,TOO LONG,144,TOO SHORT,"Photosynthesis NEET Notes 2026 | Light Reaction; Calvin Cycle; C3 C4 CAM","Complete NEET Biology notes on Photosynthesis. Learn light reactions; dark reactions; Calvin cycle; C3; C4; CAM pathways with diagrams and PYQs.","Remove 12 chars - shorten descriptions/remove pipes","Add 11 chars - add details/examples/year"
"photosynthesis-vs-respiration-neet-comparison.mdx",66,TOO LONG,143,TOO SHORT,"Photosynthesis vs Respiration NEET: Complete Comparison Guide 2026","Master photosynthesis and respiration for NEET with detailed comparison tables; equations; diagrams; and MCQs. 4-6 questions appear every year!","Remove 6 chars - shorten descriptions/remove pipes","Add 12 chars - add details/examples/year"
"plant-kingdom-classification-neet.mdx",79,TOO LONG,152,TOO SHORT,"Plant Kingdom NEET Notes 2026 | Algae; Bryophytes; Pteridophytes Complete Guide","Complete NEET Biology notes on Plant Kingdom. Learn classification of algae; bryophytes; pteridophytes; gymnosperms; angiosperms with examples and PYQs.","Remove 19 chars - shorten descriptions/remove pipes","Add 3 chars - add details/examples/year"
"revision-strategy-neet-2026-complete-guide.mdx",70,TOO LONG,160,OK,"NEET 2026 Revision Strategy: Complete Subject-Wise Plan for 650+ Score","Proven revision strategy for NEET 2026 covering Biology; Physics; and Chemistry. Spaced repetition; 3-cycle method; and chapter prioritization by AIIMS faculty.","Remove 10 chars - shorten descriptions/remove pipes",""
"roadmap-for-aiims-mbbs-seat-complete-guide.mdx",72,TOO LONG,151,TOO SHORT,"Roadmap for AIIMS MBBS Seat 2026: Complete Strategy & Score Requirements","Step-by-step roadmap to get into AIIMS for MBBS. Learn the exact NEET score needed; preparation timeline; subject strategy; and tips from AIIMS alumni.","Remove 12 chars - shorten descriptions/remove pipes","Add 4 chars - add details/examples/year"
"self-study-vs-coaching-neet-2026.mdx",55,OK,150,TOO SHORT,"Self Study vs Coaching for NEET 2026 - Which is Better?","Self study vs coaching for NEET 2026 - honest comparison. Learn success rates; costs; pros & cons to decide if you need coaching or can prepare alone.","","Add 5 chars - add details/examples/year"
"small-batch-coaching-vs-large-batch-neet.mdx",78,TOO LONG,158,OK,"Small Batch Coaching for NEET: 15-Student Batches vs 100+ Batches - Comparison","Why small batch NEET coaching wins. Compare 15-student vs large 100+ batches on success rates; personal attention; doubt resolution; and costs with real data.","Remove 18 chars - shorten descriptions/remove pipes",""
"small-batch-neet-coaching-research-outcomes-2026.mdx",65,TOO LONG,178,TOO LONG,"Research Report: Small Batch NEET Coaching 3x Better Results 2026","Comprehensive research data on small batch (8-15 students) vs large batch NEET coaching. 94% qualification rate in small batches vs 31% in large batches. Evidence-based analysis.","Remove 5 chars - shorten descriptions/remove pipes","Remove 18 chars - condense/remove redundancy"
"state-wise-medical-colleges-north-india-2026.mdx",78,TOO LONG,157,OK,"State-wise Private Medical Colleges North India 2026 | Delhi; UP; Punjab Guide","Complete guide to private medical colleges in North India - Delhi NCR; UP; Punjab; Haryana; Rajasthan. Compare fees (₹10-25L); NEET cutoffs & admission 2026.","Remove 18 chars - shorten descriptions/remove pipes",""
"stress-management-mental-health-neet-students.mdx",61,TOO LONG,196,TOO LONG,"NEET Stress Management: Mental Health Guide for Students 2026","Complete mental health guide for NEET students: Recognize anxiety/depression; practice stress management techniques; avoid burnout; maintain performance. Evidence-based strategies from psychology.","Remove 1 chars - shorten descriptions/remove pipes","Remove 36 chars - condense/remove redundancy"
"struggling-with-neet-preparation-mental-stress-guide.mdx",72,TOO LONG,164,TOO LONG,"How to Handle Mental Stress During NEET Preparation: Complete Guide 2026","Struggling with NEET stress? Expert strategies to manage anxiety; overcome burnout; build resilience; and stay mentally strong during your NEET preparation journey.","Remove 12 chars - shorten descriptions/remove pipes","Remove 4 chars - condense/remove redundancy"
"student-case-study-class-11-early-start-neet-success.mdx",25,TOO SHORT,153,TOO SHORT,"NEET Success Story: Arjun","Case study: Arjun began NEET prep in Class 11 at Cerebrum foundation batch; scored 685 in NEET 2026. Learn how early foundation prepares you for success.","Add 30 chars - expand with year/details","Add 2 chars - add details/examples/year"
"student-case-study-dropper-480-to-650-neet.mdx",27,TOO SHORT,160,OK,"NEET Dropper Success: Priya","Real case study: Priya scored 480 in 2025; joined Cerebrum dropper batch; scored 650 in 2026. Learn her transformation strategy and biology improvement methods.","Add 28 chars - expand with year/details",""
"student-case-study-online-offline-hybrid-neet.mdx",26,TOO SHORT,149,TOO SHORT,"NEET Coaching Noida: Sneha","Case study: Sneha Gupta scored 620 NEET 2026 using hybrid coaching (online lectures + offline doubt sessions). Cerebrum Noida center B-45; Sector 62.","Add 29 chars - expand with year/details","Add 6 chars - add details/examples/year"
"time-management-neet-preparation-exam-day.mdx",71,TOO LONG,160,OK,"Time Management for NEET 2026: Preparation Schedule & Exam Day Strategy","Master time management for NEET preparation and exam day. Expert-designed study schedules; time allocation strategies; and productivity tips from AIIMS faculty.","Remove 11 chars - shorten descriptions/remove pipes",""
"top-10-neet-biology-coaching-delhi-ncr-2026.mdx",59,OK,154,TOO SHORT,"Top 10 NEET Biology Coaching Delhi NCR 2026: Honest Reviews","Comprehensive review of best NEET biology coaching in Delhi NCR. Compare Allen; Aakash; PW; and local institutes with honest analysis and recommendations.","","Add 1 chars - add details/examples/year"
"top-private-medical-colleges-india-fees-cutoff-rankings.mdx",58,OK,146,TOO SHORT,"Top 25 Private Medical Colleges India 2026: Fees & Cutoffs","Complete guide to best private MBBS colleges in India with NEET 2025 cutoffs; fee structure (Rs 10L-30L/year); pros & cons; and admission process.","","Add 9 chars - add details/examples/year"
"ultimate-neet-2026-guide-specialized-vs-mass-coaching.mdx",81,TOO LONG,183,TOO LONG,"Ultimate NEET 2026 Guide: Specialized vs Mass Coaching | Cerebrum Biology Academy","Complete NEET 2026 preparation guide. Learn why specialized coaching beats mass coaching; subject-wise strategy; and how Cerebrum Biology Academy helps students score 300+ in Biology.","Remove 21 chars - shorten descriptions/remove pipes","Remove 23 chars - condense/remove redundancy"
"ultimate-neet-biology-guide-2026.mdx",74,TOO LONG,165,TOO LONG,"Ultimate NEET Biology Guide 2026: Complete Strategy; Weightage & Resources","Master NEET Biology 2026 with complete chapter-wise strategy; weightage analysis from 5 years data; month-by-month timeline; and expert resources from AIIMS faculty.","Remove 14 chars - shorten descriptions/remove pipes","Remove 5 chars - condense/remove redundancy"
"usabo-ibo-complete-parent-guide-grade-wise-preparation.mdx",67,TOO LONG,15,TOO SHORT,"USABO & IBO Complete Guide 2026: Grade-wise Preparation for Parents","Complete parent","Remove 7 chars - shorten descriptions/remove pipes","Add 140 chars - add details/examples/year"
"what-neet-toppers-do-differently-secrets-revealed.mdx",66,TOO LONG,159,OK,"What NEET Toppers Do Differently: 15 Proven Secrets for 700+ Score","Learn the 15 secrets that NEET toppers use to score 700+. Discover their study strategies; daily habits; and mindset that separate them from average aspirants.","Remove 6 chars - shorten descriptions/remove pipes",""
"when-to-start-neet-preparation-class-9-vs-10.mdx",65,TOO LONG,139,TOO SHORT,"When to Start NEET Preparation: Class 9 vs 10 | Expert Guide 2026","Should you start NEET preparation in Class 9 or Class 10? Expert comparison with study plans; advantages; and personalized recommendations.","Remove 5 chars - shorten descriptions/remove pipes","Add 16 chars - add details/examples/year"
